{"cameraMode":{"drawMode":0,"name":"Shaded","section":"Shading Mode"},"sceneLighting":false,"audioPlay":false,"sceneViewState":{"showFog":true,"showMaterialUpdate":false,"showSkybox":true,"showFlares":true,"showImageEffects":true,"showParticleSystems":true},"in2DMode":false,"pivot":{"x":-7.509683132171631,"y":51.681636810302737,"z":-22.04266357421875},"rotation":{"x":-0.2429574429988861,"y":-0.44612810015678408,"z":0.12722763419151307,"w":-0.8519282937049866},"size":10.0,"orthographic":false}