{"cameraMode":{"drawMode":0,"name":"Shaded","section":"Shading Mode"},"sceneLighting":false,"audioPlay":false,"sceneViewState":{"showFog":true,"showMaterialUpdate":false,"showSkybox":false,"showFlares":true,"showImageEffects":true,"showParticleSystems":true},"in2DMode":false,"pivot":{"x":13.64398193359375,"y":4.841522216796875,"z":1.8706830739974976},"rotation":{"x":0.2510870397090912,"y":-0.0175611712038517,"z":0.00409094151109457,"w":0.9678994417190552},"size":4.330127239227295,"orthographic":false}