{"cameraMode":{"drawMode":0,"name":"Shaded","section":"Shading Mode"},"sceneLighting":false,"audioPlay":false,"sceneViewState":{"showFog":true,"showMaterialUpdate":false,"showSkybox":true,"showFlares":true,"showImageEffects":true,"showParticleSystems":true},"in2DMode":false,"pivot":{"x":152.7006378173828,"y":34.13051986694336,"z":322.09613037109377},"rotation":{"x":0.010811097919940949,"y":-0.004195792134851217,"z":-0.000013398674127529375,"w":1.0001105070114136},"size":318.8517150878906,"orthographic":false}