{"cameraMode":{"drawMode":0,"name":"Shaded","section":"Shading Mode"},"sceneLighting":false,"audioPlay":false,"sceneViewState":{"showFog":true,"showMaterialUpdate":false,"showSkybox":true,"showFlares":true,"showImageEffects":true,"showParticleSystems":true},"in2DMode":false,"pivot":{"x":218.4388427734375,"y":93.36958312988281,"z":240.67477416992188},"rotation":{"x":0.006310456898063421,"y":-0.025196893140673639,"z":0.00007569540321128443,"w":0.9998389482498169},"size":318.8517150878906,"orthographic":false}